
-- Insert Data into Staff
INSERT INTO Staff (STAFF_ID, NATIONAL_ID, FIRST_NAME, LAST_NAME, HIRE_DATE, ROLE, DEPARTMENT_ID)
VALUES (101, '12345678901234', 'Ahmed', 'Ali', TO_DATE('2024-05-15', 'YYYY-MM-DD'), 'Teaching Assistant',  null);

INSERT INTO Staff (STAFF_ID, NATIONAL_ID, FIRST_NAME, LAST_NAME, HIRE_DATE, ROLE, DEPARTMENT_ID)
VALUES (102, '23456789012345', 'Fatima', 'Mohamed', TO_DATE('2020-06-04', 'YYYY-MM-DD'),'Professor', null);

INSERT INTO Staff (STAFF_ID, NATIONAL_ID, FIRST_NAME, LAST_NAME, HIRE_DATE, ROLE, DEPARTMENT_ID)
VALUES (103, '34567890123456', 'Saeed', 'Hassan', TO_DATE('2018-08-06', 'YYYY-MM-DD'), 'Professor', null);

INSERT INTO Staff (STAFF_ID, NATIONAL_ID, FIRST_NAME, LAST_NAME, HIRE_DATE, ROLE, DEPARTMENT_ID)
VALUES (104, '45678901234567', 'Khalid', 'Fahmy',  TO_DATE('2018-08-06', 'YYYY-MM-DD'), 'Professor', null);

INSERT INTO Staff (STAFF_ID, NATIONAL_ID, FIRST_NAME, LAST_NAME, HIRE_DATE, ROLE, DEPARTMENT_ID)
VALUES (105, '56789012345678', 'Laila', 'Nasser',  TO_DATE('2018-08-06', 'YYYY-MM-DD'), 'Teaching Assistant', null);

-- Insert Data into Department
INSERT INTO Department (DEPARTMENT_ID, DEPARTMENT_NAME, MANAGER_ID) 
VALUES (1, 'Computer Science', 103);

INSERT INTO Department (DEPARTMENT_ID, DEPARTMENT_NAME, MANAGER_ID)
VALUES (2, 'Information Systems', 102);

-- Update Staff Department

UPDATE Staff 
SET DEPARTMENT_ID = 1
WHERE STAFF_ID =103;

UPDATE Staff
SET DEPARTMENT_ID = 2
WHERE STAFF_ID =102;

UPDATE Staff 
SET DEPARTMENT_ID = 1
WHERE STAFF_ID =101;

UPDATE Staff
SET DEPARTMENT_ID = 2
WHERE STAFF_ID =104;

UPDATE Staff
SET DEPARTMENT_ID = 2
WHERE STAFF_ID =105;

-- Insert Data into Student
INSERT INTO Student (STUDENT_ID, NATIONAL_ID, FIRST_NAME, LAST_NAME, GENDER, BIRTH_DATE, EMAIL, PHONE, ENROLLMENT_DATE, COMPLETED_HOURS, CGPA, SUPERVISOR_ID, DEPARTMENT_ID)
VALUES (201, '98765432101234', 'Mohamed', 'Salem', 'M', TO_DATE('2022-05-15', 'YYYY-MM-DD'), 'mohamed.salem@edu.com', '01123456789', TO_DATE('2024-01-15', 'YYYY-MM-DD'), 90, 3.5, 103, 1);

INSERT INTO Student (STUDENT_ID, NATIONAL_ID, FIRST_NAME, LAST_NAME, GENDER, BIRTH_DATE, EMAIL, PHONE, ENROLLMENT_DATE, COMPLETED_HOURS, CGPA, SUPERVISOR_ID, DEPARTMENT_ID)
VALUES (202, '87654321012345', 'Sara', 'Ali', 'F', TO_DATE('2023-08-20', 'YYYY-MM-DD'), 'sara.ali@edu.com', '01098765432', TO_DATE('2024-01-15', 'YYYY-MM-DD'), 50, 4.0, Null, 1);

-- Insert Data into Course
INSERT INTO Course (COURSE_ID, COURSE_NAME, CREDIT_HOURS, NO_OF_STUDENTS, STATUS)
VALUES (301, 'Database Systems', 3, 40, 'Active');

INSERT INTO Course (COURSE_ID, COURSE_NAME, CREDIT_HOURS, NO_OF_STUDENTS, STATUS)
VALUES (302, 'Web Programming', 4, 35, 'Active');

INSERT INTO Course (COURSE_ID, COURSE_NAME, CREDIT_HOURS, NO_OF_STUDENTS, STATUS)
 VALUES (303, 'Data Structures', 3, 50, 'Active');
 
INSERT INTO Course  (COURSE_ID, COURSE_NAME, CREDIT_HOURS, NO_OF_STUDENTS, STATUS)
VALUES (304, 'Operating Systems', 4, 45, 'Active');

INSERT INTO Course  (COURSE_ID, COURSE_NAME, CREDIT_HOURS, NO_OF_STUDENTS, STATUS)
VALUES (305, 'Artificial Intelligence', 3, 30, 'Active');

INSERT INTO Course  (COURSE_ID, COURSE_NAME, CREDIT_HOURS, NO_OF_STUDENTS, STATUS)
VALUES (306, 'Networks', 3, 25,  'Active');

INSERT INTO Course  (COURSE_ID, COURSE_NAME, CREDIT_HOURS, NO_OF_STUDENTS, STATUS)
VALUES (307, 'Cyber Security', 3, 20, 'Active');

INSERT INTO Course  (COURSE_ID, COURSE_NAME, CREDIT_HOURS, NO_OF_STUDENTS, STATUS)
VALUES (308, 'Machine Learning', 4, 25,  'Active');


-- Insert Data into Study
INSERT INTO Study (STUDENT_ID, COURSE_ID, SCORE, SEMESTER, YEAR)
VALUES (201, 301, 92, 'Spring', '2024');

INSERT INTO Study (STUDENT_ID, COURSE_ID, SCORE, SEMESTER, YEAR)
VALUES (202, 302, 68, 'Spring', '2024');

INSERT INTO Study  (STUDENT_ID, COURSE_ID, SCORE, SEMESTER, YEAR)
VALUES (201, 303, 60, 'Fall',  '2024');

INSERT INTO Study  (STUDENT_ID, COURSE_ID, SCORE, SEMESTER, YEAR)
VALUES (202, 304, 90, 'Fall',  '2024');

INSERT INTO Study  (STUDENT_ID, COURSE_ID, SCORE, SEMESTER, YEAR)
VALUES (201, 305, 86, 'Spring',  '2025');

INSERT INTO Study  (STUDENT_ID, COURSE_ID, SCORE, SEMESTER, YEAR)
VALUES (202, 306, 89, 'Spring', '2025');

INSERT INTO Study  (STUDENT_ID, COURSE_ID, SCORE, SEMESTER, YEAR)
VALUES (201, 307, 92, 'Fall', '2025');

INSERT INTO Study  (STUDENT_ID, COURSE_ID, SCORE, SEMESTER, YEAR)
VALUES (202, 308, 93, 'Fall', '2025');

-- Insert Data into Teach
INSERT INTO Teach (STAFF_ID, COURSE_ID)
VALUES (103, 301);

INSERT INTO Teach (STAFF_ID, COURSE_ID)
VALUES (103, 302);

INSERT INTO Teach (STAFF_ID, COURSE_ID)
VALUES (104, 303);

INSERT INTO Teach (STAFF_ID, COURSE_ID)
VALUES (104, 304);

INSERT INTO Teach (STAFF_ID, COURSE_ID)
VALUES (105, 305);

INSERT INTO Teach (STAFF_ID, COURSE_ID)
VALUES (105, 306);

INSERT INTO Teach (STAFF_ID, COURSE_ID)
VALUES (103, 307);

INSERT INTO Teach (STAFF_ID, COURSE_ID)
VALUES (104, 308);